TXN-00001,DEBIT,3777.89,1222.11
TXN-00002,CREDIT,314.74,1536.85
TXN-00003,DEBIT,258.05,1278.8
TXN-00004,CREDIT,418.6,1697.4
TXN-00005,DEBIT,761.1,936.3
TXN-00006,DEBIT,257.71,678.59
TXN-00007,CREDIT,174.43,853.02
TXN-00008,CREDIT,292.59,1145.61
TXN-00009,DEBIT,184.34,961.27
TXN-00010,CREDIT,232.98,1194.25
TXN-00011,CREDIT,383.27,1577.52
TXN-00012,DEBIT,1025.5,552.02
TXN-00013,DEBIT,482.71,69.31
TXN-00014,DEBIT,68.28,1.03
TXN-00015,DEBIT,1.03,0.0
TXN-00016,DEBIT,0.0,0.0
TXN-00017,CREDIT,13.28,13.28
TXN-00018,DEBIT,9.06,4.22
TXN-00019,DEBIT,2.73,1.49
TXN-00020,CREDIT,383.41,384.9
TXN-00021,DEBIT,178.69,206.21
TXN-00022,DEBIT,121.23,84.98
TXN-00023,CREDIT,35.52,120.5
TXN-00024,DEBIT,71.28,49.22
TXN-00025,CREDIT,99.19,148.41
TXN-00026,CREDIT,84.88,233.29
TXN-00027,CREDIT,39.99,273.28
TXN-00028,CREDIT,434.84,708.12
TXN-00029,CREDIT,114.51,822.63
TXN-00030,DEBIT,342.38,480.25
TXN-00031,DEBIT,377.86,102.39
TXN-00032,CREDIT,260.25,362.64
TXN-00033,CREDIT,370.96,733.6
TXN-00034,DEBIT,723.39,10.21
TXN-00035,CREDIT,192.12,202.33
TXN-00036,DEBIT,39.25,163.08
TXN-00037,DEBIT,101.45,61.63
TXN-00038,DEBIT,3.72,57.91
TXN-00039,CREDIT,147.25,205.16
TXN-00040,CREDIT,285.37,490.53
TXN-00041,DEBIT,83.82,406.71
TXN-00042,CREDIT,44.77,451.48
TXN-00043,CREDIT,463.28,914.76
TXN-00044,CREDIT,343.52,1258.28
TXN-00045,CREDIT,340.26,1598.54
TXN-00046,CREDIT,432.69,2031.23
TXN-00047,CREDIT,497.4,2528.63
TXN-00048,DEBIT,178.77,2349.86
TXN-00049,CREDIT,98.56,2448.42
TXN-00050,CREDIT,93.75,2542.17
TXN-00051,CREDIT,412.83,2955.0
TXN-00052,CREDIT,151.0,3106.0
TXN-00053,CREDIT,285.24,3391.24
TXN-00054,CREDIT,486.84,3878.08
TXN-00055,DEBIT,581.21,3296.87
TXN-00056,CREDIT,380.87,3677.74
TXN-00057,CREDIT,26.76,3704.5
TXN-00058,DEBIT,1935.85,1768.65
TXN-00059,CREDIT,387.6,2156.25
TXN-00060,CREDIT,431.42,2587.67
TXN-00061,CREDIT,150.17,2737.84
TXN-00062,CREDIT,154.35,2892.19
TXN-00063,CREDIT,46.65,2938.84
TXN-00064,CREDIT,414.6,3353.44
TXN-00065,DEBIT,924.94,2428.5
TXN-00066,CREDIT,137.11,2565.61
TXN-00067,DEBIT,1465.61,1100.0
TXN-00068,CREDIT,341.76,1441.76
TXN-00069,CREDIT,34.52,1476.28
TXN-00070,CREDIT,224.48,1700.76
TXN-00071,DEBIT,900.48,800.28
TXN-00072,DEBIT,468.22,332.06
TXN-00073,CREDIT,36.28,368.34
TXN-00074,DEBIT,75.02,293.32
TXN-00075,CREDIT,180.51,473.83
TXN-00076,DEBIT,142.97,330.86
TXN-00077,DEBIT,278.02,52.84
TXN-00078,CREDIT,35.26,88.1
TXN-00079,CREDIT,11.44,99.54
TXN-00080,CREDIT,467.2,566.74
TXN-00081,CREDIT,31.58,598.32
TXN-00082,DEBIT,111.11,487.21
TXN-00083,CREDIT,272.41,759.62
TXN-00084,CREDIT,467.33,1226.95
TXN-00085,CREDIT,132.28,1359.23
TXN-00086,DEBIT,1129.82,229.41
TXN-00087,CREDIT,298.12,527.53
TXN-00088,CREDIT,341.12,868.65
TXN-00089,DEBIT,271.6,597.05
TXN-00090,DEBIT,102.64,494.41
TXN-00091,CREDIT,476.42,970.83
TXN-00092,CREDIT,441.01,1411.84
TXN-00093,CREDIT,104.59,1516.43
TXN-00094,DEBIT,119.99,1396.44
TXN-00095,DEBIT,340.89,1055.55
TXN-00096,CREDIT,348.19,1403.74
TXN-00097,DEBIT,122.14,1281.6
TXN-00098,CREDIT,125.08,1406.68
TXN-00099,DEBIT,379.08,1027.6
TXN-00100,DEBIT,585.09,442.51
TXN-00101,DEBIT,77.5,365.01
TXN-00102,CREDIT,260.1,625.11
TXN-00103,DEBIT,526.32,98.79
TXN-00104,DEBIT,36.76,62.03
TXN-00105,CREDIT,136.68,198.71
TXN-00106,DEBIT,57.6,141.11
TXN-00107,DEBIT,40.16,100.95
TXN-00108,CREDIT,423.77,524.72
TXN-00109,DEBIT,46.59,478.13
TXN-00110,DEBIT,281.71,196.42
TXN-00111,DEBIT,95.7,100.72
TXN-00112,CREDIT,185.91,286.63
TXN-00113,CREDIT,239.23,525.86
TXN-00114,CREDIT,164.83,690.69
TXN-00115,DEBIT,377.72,312.97
TXN-00116,DEBIT,140.32,172.65
TXN-00117,DEBIT,92.06,80.59
TXN-00118,CREDIT,262.34,342.93
TXN-00119,CREDIT,366.86,709.79
TXN-00120,CREDIT,429.04,1138.83
TXN-00121,DEBIT,853.39,285.44
TXN-00122,CREDIT,467.35,752.79
TXN-00123,DEBIT,82.02,670.77
TXN-00124,DEBIT,646.79,23.98
TXN-00125,CREDIT,438.63,462.61
TXN-00126,CREDIT,141.48,604.09
TXN-00127,DEBIT,334.2,269.89
TXN-00128,CREDIT,89.45,359.34
TXN-00129,DEBIT,128.17,231.17
TXN-00130,CREDIT,403.63,634.8
TXN-00131,CREDIT,231.77,866.57
TXN-00132,CREDIT,237.26,1103.83
TXN-00133,DEBIT,505.12,598.71
TXN-00134,DEBIT,425.97,172.74
TXN-00135,DEBIT,76.18,96.56
TXN-00136,CREDIT,398.14,494.7
TXN-00137,DEBIT,119.94,374.76
TXN-00138,CREDIT,190.96,565.72
TXN-00139,DEBIT,188.23,377.49
TXN-00140,DEBIT,245.31,132.18
TXN-00141,DEBIT,2.2,129.98
TXN-00142,DEBIT,113.81,16.17
TXN-00143,CREDIT,452.12,468.29
TXN-00144,CREDIT,194.94,663.23
TXN-00145,DEBIT,64.76,598.47
TXN-00146,CREDIT,230.98,829.45
TXN-00147,CREDIT,378.66,1208.11
TXN-00148,CREDIT,109.52,1317.63
TXN-00149,CREDIT,317.52,1635.15
TXN-00150,DEBIT,1517.07,118.08
TXN-00151,CREDIT,409.91,527.99
TXN-00152,DEBIT,331.77,196.22
TXN-00153,DEBIT,164.2,32.02
TXN-00154,CREDIT,365.72,397.74
TXN-00155,DEBIT,140.48,257.26
TXN-00156,DEBIT,96.62,160.64
TXN-00157,CREDIT,473.4,634.04
TXN-00158,DEBIT,406.3,227.74
TXN-00159,CREDIT,230.45,458.19
TXN-00160,DEBIT,179.6,278.59
TXN-00161,CREDIT,303.91,582.5
TXN-00162,CREDIT,297.03,879.53
TXN-00163,DEBIT,125.4,754.13
TXN-00164,DEBIT,515.76,238.37
TXN-00165,CREDIT,305.39,543.76
TXN-00166,CREDIT,118.24,662.0
TXN-00167,CREDIT,140.23,802.23
TXN-00168,CREDIT,401.21,1203.44
TXN-00169,CREDIT,337.45,1540.89
TXN-00170,CREDIT,181.67,1722.56
TXN-00171,DEBIT,26.21,1696.35
TXN-00172,DEBIT,18.83,1677.52
TXN-00173,DEBIT,471.86,1205.66
TXN-00174,DEBIT,344.4,861.26
TXN-00175,CREDIT,203.68,1064.94
TXN-00176,DEBIT,883.79,181.15
TXN-00177,CREDIT,452.54,633.69
TXN-00178,CREDIT,64.94,698.63
TXN-00179,CREDIT,62.64,761.27
TXN-00180,CREDIT,217.86,979.13
TXN-00181,DEBIT,528.71,450.42
TXN-00182,DEBIT,230.97,219.45
TXN-00183,DEBIT,187.42,32.03
TXN-00184,CREDIT,33.51,65.54
TXN-00185,CREDIT,436.06,501.6
TXN-00186,CREDIT,212.91,714.51
TXN-00187,DEBIT,260.52,453.99
TXN-00188,DEBIT,361.23,92.76
TXN-00189,CREDIT,397.75,490.51
TXN-00190,CREDIT,301.79,792.3
TXN-00191,DEBIT,444.38,347.92
TXN-00192,CREDIT,234.98,582.9
TXN-00193,DEBIT,185.94,396.96
TXN-00194,DEBIT,380.98,15.98
TXN-00195,CREDIT,330.12,346.1
TXN-00196,DEBIT,16.48,329.62
TXN-00197,DEBIT,176.1,153.52
TXN-00198,DEBIT,106.59,46.93
TXN-00199,CREDIT,339.36,386.29
TXN-00200,CREDIT,54.7,440.99
TXN-00201,CREDIT,435.79,876.78
TXN-00202,DEBIT,876.03,0.75
TXN-00203,DEBIT,0.0,0.75
TXN-00204,DEBIT,0.0,0.75
TXN-00205,DEBIT,0.0,0.75
TXN-00206,DEBIT,0.0,0.75
TXN-00207,DEBIT,0.0,0.75
TXN-00208,CREDIT,251.26,252.01
TXN-00209,CREDIT,294.57,546.58
TXN-00210,CREDIT,241.79,788.37
TXN-00211,CREDIT,497.36,1285.73
TXN-00212,CREDIT,133.0,1418.73
TXN-00213,CREDIT,242.82,1661.55
TXN-00214,DEBIT,32.4,1629.15
TXN-00215,DEBIT,4.36,1624.79
TXN-00216,CREDIT,345.53,1970.32
TXN-00217,DEBIT,1501.05,469.27
TXN-00218,DEBIT,217.39,251.88
TXN-00219,DEBIT,209.09,42.79
TXN-00220,CREDIT,290.37,333.16
TXN-00221,DEBIT,167.07,166.09
TXN-00222,DEBIT,105.28,60.81
TXN-00223,DEBIT,54.59,6.22
TXN-00224,DEBIT,1.94,4.28
TXN-00225,CREDIT,349.51,353.79
TXN-00226,CREDIT,499.02,852.81
TXN-00227,DEBIT,380.01,472.8
TXN-00228,DEBIT,221.17,251.63
TXN-00229,CREDIT,340.4,592.03
TXN-00230,DEBIT,13.58,578.45
TXN-00231,CREDIT,475.64,1054.09
TXN-00232,DEBIT,567.2,486.89
TXN-00233,CREDIT,392.56,879.45
TXN-00234,DEBIT,599.58,279.87
TXN-00235,CREDIT,477.7,757.57
TXN-00236,DEBIT,227.73,529.84
TXN-00237,DEBIT,8.85,520.99
TXN-00238,CREDIT,40.39,561.38
TXN-00239,CREDIT,428.21,989.59
TXN-00240,DEBIT,626.33,363.26
TXN-00241,CREDIT,358.36,721.62
TXN-00242,CREDIT,26.35,747.97
TXN-00243,CREDIT,414.35,1162.32
TXN-00244,DEBIT,869.17,293.15
TXN-00245,CREDIT,412.12,705.27
TXN-00246,DEBIT,60.68,644.59
TXN-00247,DEBIT,283.71,360.88
TXN-00248,DEBIT,72.95,287.93
TXN-00249,CREDIT,93.46,381.39
TXN-00250,CREDIT,224.81,606.2
TXN-00251,DEBIT,490.02,116.18
TXN-00252,CREDIT,391.17,507.35
TXN-00253,DEBIT,238.23,269.12
TXN-00254,DEBIT,90.55,178.57
TXN-00255,DEBIT,106.04,72.53
TXN-00256,DEBIT,68.14,4.39
TXN-00257,DEBIT,1.32,3.07
TXN-00258,DEBIT,2.49,0.58
TXN-00259,CREDIT,466.07,466.65
TXN-00260,CREDIT,139.0,605.65
TXN-00261,CREDIT,161.03,766.68
TXN-00262,CREDIT,168.58,935.26
TXN-00263,CREDIT,305.31,1240.57
TXN-00264,DEBIT,1161.67,78.9
TXN-00265,DEBIT,38.46,40.44
TXN-00266,CREDIT,204.93,245.37
TXN-00267,DEBIT,19.92,225.45
TXN-00268,CREDIT,280.12,505.57
TXN-00269,CREDIT,76.62,582.19
TXN-00270,CREDIT,183.59,765.78
TXN-00271,CREDIT,322.67,1088.45
TXN-00272,CREDIT,421.1,1509.55
TXN-00273,DEBIT,818.56,690.99
TXN-00274,CREDIT,445.91,1136.9
TXN-00275,CREDIT,301.03,1437.93
TXN-00276,DEBIT,669.2,768.73
TXN-00277,DEBIT,84.6,684.13
TXN-00278,CREDIT,125.15,809.28
TXN-00279,DEBIT,730.91,78.37
TXN-00280,CREDIT,310.68,389.05
TXN-00281,DEBIT,307.79,81.26
TXN-00282,CREDIT,378.38,459.64
TXN-00283,CREDIT,104.86,564.5
TXN-00284,CREDIT,431.04,995.54
TXN-00285,DEBIT,796.44,199.1
TXN-00286,CREDIT,278.29,477.39
TXN-00287,DEBIT,8.13,469.26
TXN-00288,CREDIT,311.25,780.51
TXN-00289,CREDIT,451.99,1232.5
TXN-00290,DEBIT,238.48,994.02
TXN-00291,CREDIT,342.79,1336.81
TXN-00292,CREDIT,203.55,1540.36
TXN-00293,DEBIT,1331.77,208.59
TXN-00294,CREDIT,51.17,259.76
TXN-00295,CREDIT,255.76,515.52
TXN-00296,CREDIT,385.92,901.44
TXN-00297,CREDIT,49.43,950.87
TXN-00298,DEBIT,156.33,794.54
TXN-00299,DEBIT,109.8,684.74
TXN-00300,CREDIT,148.78,833.52
TXN-00301,DEBIT,565.44,268.08
TXN-00302,DEBIT,252.54,15.54
TXN-00303,CREDIT,224.28,239.82
TXN-00304,CREDIT,89.76,329.58
TXN-00305,DEBIT,58.9,270.68
TXN-00306,DEBIT,221.59,49.09
TXN-00307,CREDIT,378.12,427.21
TXN-00308,CREDIT,454.16,881.37
TXN-00309,DEBIT,878.37,3.0
TXN-00310,CREDIT,234.55,237.55
TXN-00311,DEBIT,160.27,77.28
TXN-00312,CREDIT,419.81,497.09
TXN-00313,CREDIT,98.76,595.85
TXN-00314,DEBIT,286.2,309.65
TXN-00315,DEBIT,129.98,179.67
TXN-00316,DEBIT,90.38,89.29
TXN-00317,DEBIT,13.37,75.92
TXN-00318,DEBIT,38.36,37.56
TXN-00319,CREDIT,45.53,83.09
TXN-00320,DEBIT,6.7,76.39
TXN-00321,DEBIT,15.52,60.87
TXN-00322,CREDIT,326.73,387.6
TXN-00323,DEBIT,303.48,84.12
TXN-00324,CREDIT,384.31,468.43
TXN-00325,CREDIT,400.91,869.34
TXN-00326,CREDIT,55.11,924.45
TXN-00327,CREDIT,333.34,1257.79
TXN-00328,CREDIT,52.57,1310.36
TXN-00329,CREDIT,200.08,1510.44
TXN-00330,DEBIT,93.16,1417.28
TXN-00331,CREDIT,325.42,1742.7
TXN-00332,DEBIT,1299.5,443.2
TXN-00333,DEBIT,314.31,128.89
TXN-00334,CREDIT,75.98,204.87
TXN-00335,DEBIT,10.63,194.24
TXN-00336,CREDIT,203.92,398.16
TXN-00337,DEBIT,388.71,9.45
TXN-00338,DEBIT,4.29,5.16
TXN-00339,CREDIT,288.48,293.64
TXN-00340,DEBIT,289.02,4.62
TXN-00341,CREDIT,177.52,182.14
TXN-00342,DEBIT,69.32,112.82
TXN-00343,DEBIT,50.43,62.39
TXN-00344,DEBIT,52.22,10.17
TXN-00345,DEBIT,5.89,4.28
TXN-00346,CREDIT,356.0,360.28
TXN-00347,DEBIT,108.11,252.17
TXN-00348,CREDIT,452.07,704.24
TXN-00349,DEBIT,61.65,642.59
TXN-00350,CREDIT,413.1,1055.69
TXN-00351,CREDIT,349.18,1404.87
TXN-00352,CREDIT,417.63,1822.5
TXN-00353,CREDIT,72.5,1895.0
TXN-00354,DEBIT,98.98,1796.02
TXN-00355,DEBIT,1154.86,641.16
TXN-00356,CREDIT,111.62,752.78
TXN-00357,DEBIT,711.37,41.41
TXN-00358,DEBIT,25.84,15.57
TXN-00359,CREDIT,327.94,343.51
TXN-00360,CREDIT,104.16,447.67
TXN-00361,CREDIT,431.05,878.72
TXN-00362,CREDIT,152.21,1030.93
TXN-00363,CREDIT,159.23,1190.16
TXN-00364,DEBIT,120.53,1069.63
TXN-00365,CREDIT,429.49,1499.12
TXN-00366,DEBIT,189.52,1309.6
TXN-00367,DEBIT,1262.95,46.65
TXN-00368,DEBIT,45.65,1.0
TXN-00369,CREDIT,478.01,479.01
TXN-00370,DEBIT,246.21,232.8
TXN-00371,CREDIT,109.16,341.96
TXN-00372,CREDIT,248.21,590.17
TXN-00373,DEBIT,266.21,323.96
TXN-00374,DEBIT,271.12,52.84
TXN-00375,CREDIT,101.27,154.11
TXN-00376,CREDIT,475.93,630.04
TXN-00377,DEBIT,219.66,410.38
TXN-00378,DEBIT,157.43,252.95
TXN-00379,DEBIT,236.19,16.76
TXN-00380,CREDIT,113.59,130.35
TXN-00381,CREDIT,494.83,625.18
TXN-00382,DEBIT,88.83,536.35
TXN-00383,CREDIT,326.12,862.47
TXN-00384,DEBIT,808.11,54.36
TXN-00385,CREDIT,478.87,533.23
TXN-00386,CREDIT,317.46,850.69
TXN-00387,DEBIT,69.83,780.86
TXN-00388,DEBIT,216.15,564.71
TXN-00389,CREDIT,22.98,587.69
TXN-00390,DEBIT,129.46,458.23
TXN-00391,CREDIT,300.07,758.3
TXN-00392,CREDIT,298.77,1057.07
TXN-00393,DEBIT,964.34,92.73
TXN-00394,DEBIT,78.72,14.01
TXN-00395,CREDIT,251.6,265.61
TXN-00396,DEBIT,233.35,32.26
TXN-00397,DEBIT,30.74,1.52
TXN-00398,CREDIT,476.6,478.12
TXN-00399,DEBIT,318.84,159.28
TXN-00400,CREDIT,480.22,639.5
TXN-00401,CREDIT,59.3,698.8
TXN-00402,DEBIT,272.14,426.66
TXN-00403,CREDIT,231.05,657.71
TXN-00404,CREDIT,333.25,990.96
TXN-00405,DEBIT,283.05,707.91
TXN-00406,CREDIT,11.68,719.59
TXN-00407,CREDIT,370.37,1089.96
TXN-00408,DEBIT,235.8,854.16
TXN-00409,DEBIT,332.59,521.57
TXN-00410,DEBIT,437.4,84.17
TXN-00411,CREDIT,296.92,381.09
TXN-00412,DEBIT,126.63,254.46
TXN-00413,CREDIT,434.56,689.02
TXN-00414,DEBIT,427.69,261.33
TXN-00415,CREDIT,436.5,697.83
TXN-00416,CREDIT,279.75,977.58
TXN-00417,DEBIT,333.99,643.59
TXN-00418,CREDIT,343.6,987.19
TXN-00419,CREDIT,240.38,1227.57
TXN-00420,CREDIT,150.87,1378.44
TXN-00421,CREDIT,353.82,1732.26
TXN-00422,CREDIT,331.24,2063.5
TXN-00423,DEBIT,1097.65,965.85
TXN-00424,DEBIT,496.42,469.43
TXN-00425,CREDIT,432.92,902.35
TXN-00426,CREDIT,220.25,1122.6
TXN-00427,DEBIT,73.8,1048.8
TXN-00428,CREDIT,293.51,1342.31
TXN-00429,DEBIT,189.79,1152.52
TXN-00430,CREDIT,410.95,1563.47
TXN-00431,CREDIT,334.09,1897.56
TXN-00432,DEBIT,354.53,1543.03
TXN-00433,DEBIT,370.65,1172.38
TXN-00434,CREDIT,84.89,1257.27
TXN-00435,DEBIT,237.86,1019.41
TXN-00436,CREDIT,334.43,1353.84
TXN-00437,CREDIT,170.5,1524.34
TXN-00438,DEBIT,1399.79,124.55
TXN-00439,CREDIT,110.64,235.19
TXN-00440,CREDIT,17.53,252.72
TXN-00441,DEBIT,70.17,182.55
TXN-00442,DEBIT,51.41,131.14
TXN-00443,DEBIT,5.44,125.7
TXN-00444,CREDIT,411.0,536.7
TXN-00445,CREDIT,335.2,871.9
TXN-00446,CREDIT,76.44,948.34
TXN-00447,DEBIT,62.54,885.8
TXN-00448,CREDIT,315.27,1201.07
TXN-00449,CREDIT,444.71,1645.78
TXN-00450,CREDIT,111.8,1757.58
TXN-00451,DEBIT,656.95,1100.63
TXN-00452,CREDIT,473.61,1574.24
TXN-00453,DEBIT,883.35,690.89
TXN-00454,CREDIT,437.31,1128.2
TXN-00455,DEBIT,387.58,740.62
TXN-00456,CREDIT,97.99,838.61
TXN-00457,DEBIT,405.25,433.36
TXN-00458,CREDIT,285.78,719.14
TXN-00459,DEBIT,520.24,198.9
TXN-00460,CREDIT,181.13,380.03
TXN-00461,DEBIT,347.95,32.08
TXN-00462,CREDIT,100.69,132.77
TXN-00463,CREDIT,348.55,481.32
TXN-00464,DEBIT,317.02,164.3
TXN-00465,DEBIT,154.87,9.43
TXN-00466,DEBIT,5.76,3.67
TXN-00467,DEBIT,1.74,1.93
TXN-00468,CREDIT,175.39,177.32
TXN-00469,CREDIT,381.67,558.99
TXN-00470,CREDIT,443.1,1002.09
TXN-00471,CREDIT,269.63,1271.72
TXN-00472,CREDIT,233.15,1504.87
TXN-00473,DEBIT,201.54,1303.33
TXN-00474,DEBIT,1263.43,39.9
TXN-00475,DEBIT,18.38,21.52
TXN-00476,CREDIT,95.87,117.39
TXN-00477,DEBIT,115.84,1.55
TXN-00478,DEBIT,1.2,0.35
TXN-00479,DEBIT,0.0,0.35
TXN-00480,DEBIT,0.0,0.35
TXN-00481,CREDIT,332.8,333.15
TXN-00482,DEBIT,126.9,206.25
TXN-00483,DEBIT,171.28,34.97
TXN-00484,DEBIT,26.42,8.55
TXN-00485,CREDIT,175.23,183.78
TXN-00486,CREDIT,236.37,420.15
TXN-00487,CREDIT,27.9,448.05
TXN-00488,CREDIT,408.92,856.97
TXN-00489,DEBIT,606.42,250.55
TXN-00490,DEBIT,71.56,178.99
TXN-00491,DEBIT,142.5,36.49
TXN-00492,DEBIT,6.98,29.51
TXN-00493,CREDIT,347.68,377.19
TXN-00494,CREDIT,456.31,833.5
TXN-00495,CREDIT,174.17,1007.67
TXN-00496,CREDIT,281.72,1289.39
TXN-00497,DEBIT,907.86,381.53
TXN-00498,CREDIT,322.03,703.56
TXN-00499,DEBIT,693.94,9.62
TXN-00500,DEBIT,4.96,4.66
TXN-00501,DEBIT,2.4,2.26
TXN-00502,CREDIT,380.91,383.17
TXN-00503,CREDIT,406.33,789.5
TXN-00504,CREDIT,411.04,1200.54
TXN-00505,CREDIT,270.97,1471.51
TXN-00506,DEBIT,37.71,1433.8
TXN-00507,DEBIT,497.32,936.48
TXN-00508,CREDIT,91.12,1027.6
TXN-00509,DEBIT,912.11,115.49
TXN-00510,CREDIT,376.19,491.68
TXN-00511,DEBIT,404.17,87.51
TXN-00512,CREDIT,463.34,550.85
TXN-00513,DEBIT,291.39,259.46
TXN-00514,DEBIT,75.84,183.62
TXN-00515,CREDIT,82.44,266.06
TXN-00516,CREDIT,168.72,434.78
TXN-00517,CREDIT,63.62,498.4
TXN-00518,CREDIT,105.36,603.76
TXN-00519,DEBIT,396.61,207.15
TXN-00520,CREDIT,451.68,658.83
TXN-00521,DEBIT,304.26,354.57
TXN-00522,DEBIT,187.35,167.22
TXN-00523,DEBIT,105.67,61.55
TXN-00524,CREDIT,303.01,364.56
TXN-00525,DEBIT,94.71,269.85
TXN-00526,CREDIT,414.88,684.73
TXN-00527,DEBIT,31.99,652.74
TXN-00528,CREDIT,312.06,964.8
TXN-00529,DEBIT,31.44,933.36
TXN-00530,CREDIT,390.37,1323.73
TXN-00531,CREDIT,409.98,1733.71
TXN-00532,CREDIT,290.62,2024.33
TXN-00533,CREDIT,196.02,2220.35
TXN-00534,DEBIT,1843.09,377.26
TXN-00535,CREDIT,211.0,588.26
TXN-00536,CREDIT,316.98,905.24
TXN-00537,CREDIT,130.54,1035.78
TXN-00538,CREDIT,22.72,1058.5
TXN-00539,CREDIT,344.56,1403.06
TXN-00540,CREDIT,497.13,1900.19
TXN-00541,CREDIT,212.88,2113.07
TXN-00542,DEBIT,1713.48,399.59
TXN-00543,DEBIT,60.14,339.45
TXN-00544,DEBIT,296.82,42.63
TXN-00545,DEBIT,5.05,37.58
TXN-00546,CREDIT,334.53,372.11
TXN-00547,CREDIT,152.78,524.89
TXN-00548,CREDIT,195.51,720.4
TXN-00549,CREDIT,200.77,921.17
TXN-00550,CREDIT,118.01,1039.18
TXN-00551,DEBIT,184.73,854.45
TXN-00552,DEBIT,663.75,190.7
TXN-00553,DEBIT,170.45,20.25
TXN-00554,CREDIT,328.12,348.37
TXN-00555,CREDIT,196.75,545.12
TXN-00556,CREDIT,129.52,674.64
TXN-00557,CREDIT,228.33,902.97
TXN-00558,CREDIT,270.47,1173.44
TXN-00559,DEBIT,583.53,589.91
TXN-00560,CREDIT,337.13,927.04
TXN-00561,CREDIT,383.36,1310.4
TXN-00562,DEBIT,597.72,712.68
TXN-00563,DEBIT,526.44,186.24
TXN-00564,CREDIT,413.39,599.63
TXN-00565,DEBIT,417.65,181.98
TXN-00566,DEBIT,144.3,37.68
TXN-00567,CREDIT,409.46,447.14
TXN-00568,DEBIT,35.55,411.59
TXN-00569,DEBIT,400.37,11.22
TXN-00570,DEBIT,10.3,0.92
TXN-00571,DEBIT,0.0,0.92
TXN-00572,CREDIT,136.62,137.54
TXN-00573,CREDIT,368.55,506.09
TXN-00574,CREDIT,62.67,568.76
TXN-00575,CREDIT,296.14,864.9
TXN-00576,CREDIT,307.75,1172.65
TXN-00577,CREDIT,418.74,1591.39
TXN-00578,CREDIT,457.62,2049.01
TXN-00579,DEBIT,1692.38,356.63
TXN-00580,CREDIT,451.21,807.84
TXN-00581,CREDIT,64.48,872.32
TXN-00582,CREDIT,499.34,1371.66
TXN-00583,CREDIT,364.59,1736.25
TXN-00584,CREDIT,151.6,1887.85
TXN-00585,CREDIT,114.66,2002.51
TXN-00586,CREDIT,470.71,2473.22
TXN-00587,CREDIT,72.86,2546.08
TXN-00588,DEBIT,108.02,2438.06
TXN-00589,CREDIT,287.13,2725.19
TXN-00590,DEBIT,1350.75,1374.44
TXN-00591,DEBIT,291.91,1082.53
TXN-00592,DEBIT,72.27,1010.26
TXN-00593,CREDIT,361.42,1371.68
TXN-00594,DEBIT,1023.91,347.77
TXN-00595,CREDIT,31.77,379.54
TXN-00596,CREDIT,434.78,814.32
TXN-00597,CREDIT,121.66,935.98
TXN-00598,CREDIT,203.74,1139.72
TXN-00599,DEBIT,281.9,857.82
TXN-00600,CREDIT,484.53,1342.35
TXN-00601,CREDIT,99.67,1442.02
TXN-00602,CREDIT,444.69,1886.71
TXN-00603,DEBIT,1676.7,210.01
TXN-00604,CREDIT,460.45,670.46
TXN-00605,CREDIT,183.57,854.03
TXN-00606,DEBIT,255.98,598.05
TXN-00607,CREDIT,211.81,809.86
TXN-00608,DEBIT,386.89,422.97
TXN-00609,CREDIT,367.3,790.27
TXN-00610,CREDIT,244.96,1035.23
TXN-00611,DEBIT,490.74,544.49
TXN-00612,CREDIT,296.92,841.41
TXN-00613,DEBIT,664.95,176.46
TXN-00614,DEBIT,49.21,127.25
TXN-00615,DEBIT,113.01,14.24
TXN-00616,DEBIT,12.75,1.49
TXN-00617,DEBIT,1.0,0.49
TXN-00618,CREDIT,88.01,88.5
TXN-00619,DEBIT,79.63,8.87
TXN-00620,DEBIT,1.08,7.79
TXN-00621,CREDIT,480.35,488.14
TXN-00622,DEBIT,16.72,471.42
TXN-00623,DEBIT,108.53,362.89
TXN-00624,DEBIT,6.6,356.29
TXN-00625,DEBIT,327.39,28.9
TXN-00626,CREDIT,156.5,185.4
TXN-00627,DEBIT,46.93,138.47
TXN-00628,CREDIT,312.19,450.66
TXN-00629,CREDIT,140.51,591.17
TXN-00630,CREDIT,71.5,662.67
TXN-00631,DEBIT,567.0,95.67
TXN-00632,DEBIT,12.83,82.84
TXN-00633,CREDIT,266.83,349.67
TXN-00634,DEBIT,318.7,30.97
TXN-00635,CREDIT,266.81,297.78
TXN-00636,CREDIT,304.06,601.84
TXN-00637,DEBIT,5.19,596.65
TXN-00638,DEBIT,244.17,352.48
TXN-00639,CREDIT,210.47,562.95
TXN-00640,DEBIT,149.26,413.69
TXN-00641,CREDIT,61.94,475.63
TXN-00642,DEBIT,67.9,407.73
TXN-00643,CREDIT,205.92,613.65
TXN-00644,DEBIT,333.21,280.44
TXN-00645,CREDIT,462.53,742.97
TXN-00646,CREDIT,432.65,1175.62
TXN-00647,CREDIT,117.97,1293.59
TXN-00648,DEBIT,185.94,1107.65
TXN-00649,CREDIT,444.44,1552.09
TXN-00650,DEBIT,1535.02,17.07
TXN-00651,CREDIT,399.11,416.18
TXN-00652,DEBIT,168.84,247.34
TXN-00653,CREDIT,167.25,414.59
TXN-00654,CREDIT,233.57,648.16
TXN-00655,CREDIT,485.41,1133.57
TXN-00656,CREDIT,37.77,1171.34
TXN-00657,CREDIT,275.36,1446.7
TXN-00658,DEBIT,1244.22,202.48
TXN-00659,CREDIT,320.62,523.1
TXN-00660,DEBIT,473.78,49.32
TXN-00661,CREDIT,176.61,225.93
TXN-00662,CREDIT,204.79,430.72
TXN-00663,DEBIT,400.11,30.61
TXN-00664,CREDIT,352.15,382.76
TXN-00665,CREDIT,266.49,649.25
TXN-00666,DEBIT,523.33,125.92
TXN-00667,DEBIT,42.37,83.55
TXN-00668,DEBIT,32.3,51.25
TXN-00669,DEBIT,33.56,17.69
TXN-00670,CREDIT,177.83,195.52
TXN-00671,DEBIT,37.51,158.01
TXN-00672,CREDIT,18.31,176.32
TXN-00673,DEBIT,118.8,57.52
TXN-00674,DEBIT,30.97,26.55
TXN-00675,CREDIT,367.86,394.41
TXN-00676,DEBIT,8.47,385.94
TXN-00677,DEBIT,380.5,5.44
TXN-00678,CREDIT,64.05,69.49
TXN-00679,CREDIT,169.27,238.76
TXN-00680,CREDIT,130.93,369.69
TXN-00681,DEBIT,151.9,217.79
TXN-00682,CREDIT,191.01,408.8
TXN-00683,DEBIT,227.33,181.47
TXN-00684,DEBIT,101.91,79.56
TXN-00685,DEBIT,40.71,38.85
TXN-00686,CREDIT,27.92,66.77
TXN-00687,DEBIT,20.31,46.46
TXN-00688,CREDIT,90.7,137.16
TXN-00689,DEBIT,20.49,116.67
TXN-00690,CREDIT,460.35,577.02
TXN-00691,DEBIT,100.5,476.52
TXN-00692,DEBIT,334.43,142.09
TXN-00693,CREDIT,337.15,479.24
TXN-00694,CREDIT,69.53,548.77
TXN-00695,CREDIT,360.02,908.79
TXN-00696,CREDIT,484.91,1393.7
TXN-00697,DEBIT,843.35,550.35
TXN-00698,CREDIT,34.43,584.78
TXN-00699,CREDIT,399.44,984.22
TXN-00700,CREDIT,103.93,1088.15
TXN-00701,DEBIT,838.59,249.56
TXN-00702,DEBIT,193.66,55.9
TXN-00703,CREDIT,255.99,311.89
TXN-00704,CREDIT,239.04,550.93
TXN-00705,CREDIT,390.8,941.73
TXN-00706,DEBIT,78.88,862.85
TXN-00707,CREDIT,329.05,1191.9
TXN-00708,CREDIT,385.32,1577.22
TXN-00709,CREDIT,305.61,1882.83
TXN-00710,DEBIT,405.58,1477.25
TXN-00711,CREDIT,488.99,1966.24
TXN-00712,CREDIT,257.63,2223.87
TXN-00713,CREDIT,105.24,2329.11
TXN-00714,CREDIT,364.95,2694.06
TXN-00715,DEBIT,1353.3,1340.76
TXN-00716,CREDIT,405.71,1746.47
TXN-00717,CREDIT,294.88,2041.35
TXN-00718,DEBIT,922.2,1119.15
TXN-00719,CREDIT,27.81,1146.96
TXN-00720,CREDIT,28.45,1175.41
TXN-00721,DEBIT,1085.42,89.99
TXN-00722,DEBIT,54.35,35.64
TXN-00723,CREDIT,170.45,206.09
TXN-00724,DEBIT,168.39,37.7
TXN-00725,DEBIT,24.17,13.53
TXN-00726,DEBIT,13.03,0.5
TXN-00727,CREDIT,204.54,205.04
TXN-00728,DEBIT,62.98,142.06
TXN-00729,CREDIT,346.3,488.36
TXN-00730,CREDIT,70.73,559.09
TXN-00731,CREDIT,236.44,795.53
TXN-00732,CREDIT,381.95,1177.48
TXN-00733,DEBIT,1173.98,3.5
TXN-00734,CREDIT,204.5,208.0
TXN-00735,CREDIT,22.23,230.23
TXN-00736,DEBIT,47.17,183.06
TXN-00737,DEBIT,71.47,111.59
TXN-00738,DEBIT,55.22,56.37
TXN-00739,DEBIT,9.54,46.83
TXN-00740,DEBIT,2.12,44.71
TXN-00741,CREDIT,132.42,177.13
TXN-00742,DEBIT,7.15,169.98
TXN-00743,CREDIT,119.59,289.57
TXN-00744,CREDIT,153.7,443.27
TXN-00745,DEBIT,173.88,269.39
TXN-00746,DEBIT,90.69,178.7
TXN-00747,CREDIT,291.3,470.0
TXN-00748,CREDIT,173.69,643.69
TXN-00749,DEBIT,2.33,641.36
TXN-00750,CREDIT,126.45,767.81
TXN-00751,CREDIT,196.9,964.71
TXN-00752,CREDIT,194.65,1159.36
TXN-00753,DEBIT,888.65,270.71
TXN-00754,CREDIT,483.77,754.48
TXN-00755,DEBIT,595.38,159.1
TXN-00756,DEBIT,37.71,121.39
TXN-00757,DEBIT,102.89,18.5
TXN-00758,CREDIT,314.39,332.89
TXN-00759,DEBIT,97.89,235.0
TXN-00760,CREDIT,243.44,478.44
TXN-00761,DEBIT,285.51,192.93
TXN-00762,CREDIT,319.05,511.98
TXN-00763,CREDIT,165.4,677.38
TXN-00764,CREDIT,40.17,717.55
TXN-00765,DEBIT,471.9,245.65
TXN-00766,DEBIT,142.87,102.78
TXN-00767,CREDIT,109.72,212.5
TXN-00768,DEBIT,205.61,6.89
TXN-00769,CREDIT,222.06,228.95
TXN-00770,CREDIT,161.53,390.48
TXN-00771,CREDIT,282.49,672.97
TXN-00772,CREDIT,174.1,847.07
TXN-00773,CREDIT,225.81,1072.88
TXN-00774,DEBIT,71.5,1001.38
TXN-00775,CREDIT,492.71,1494.09
TXN-00776,DEBIT,1027.78,466.31
TXN-00777,DEBIT,324.85,141.46
TXN-00778,DEBIT,63.78,77.68
TXN-00779,DEBIT,18.55,59.13
TXN-00780,DEBIT,33.46,25.67
TXN-00781,DEBIT,8.1,17.57
TXN-00782,CREDIT,249.1,266.67
TXN-00783,CREDIT,324.08,590.75
TXN-00784,DEBIT,433.94,156.81
TXN-00785,DEBIT,36.31,120.5
TXN-00786,CREDIT,180.03,300.53
TXN-00787,CREDIT,38.66,339.19
TXN-00788,DEBIT,27.43,311.76
TXN-00789,CREDIT,175.06,486.82
TXN-00790,CREDIT,102.35,589.17
TXN-00791,CREDIT,184.36,773.53
TXN-00792,DEBIT,634.24,139.29
TXN-00793,CREDIT,439.18,578.47
TXN-00794,CREDIT,120.77,699.24
TXN-00795,DEBIT,408.43,290.81
TXN-00796,DEBIT,278.43,12.38
TXN-00797,CREDIT,123.38,135.76
TXN-00798,CREDIT,376.76,512.52
TXN-00799,DEBIT,371.66,140.86
TXN-00800,CREDIT,231.99,372.85
TXN-00801,CREDIT,267.92,640.77
TXN-00802,CREDIT,86.3,727.07
TXN-00803,DEBIT,29.54,697.53
TXN-00804,DEBIT,347.6,349.93
TXN-00805,CREDIT,192.99,542.92
TXN-00806,DEBIT,429.33,113.59
TXN-00807,CREDIT,201.89,315.48
TXN-00808,CREDIT,496.68,812.16
TXN-00809,DEBIT,511.97,300.19
TXN-00810,CREDIT,188.43,488.62
TXN-00811,CREDIT,199.08,687.7
TXN-00812,DEBIT,671.35,16.35
TXN-00813,DEBIT,16.03,0.32
TXN-00814,CREDIT,446.08,446.4
TXN-00815,DEBIT,1.64,444.76
TXN-00816,CREDIT,242.18,686.94
TXN-00817,CREDIT,210.96,897.9
TXN-00818,CREDIT,490.28,1388.18
TXN-00819,CREDIT,229.23,1617.41
TXN-00820,DEBIT,1167.6,449.81
TXN-00821,CREDIT,417.4,867.21
TXN-00822,CREDIT,89.0,956.21
TXN-00823,DEBIT,468.34,487.87
TXN-00824,CREDIT,162.52,650.39
TXN-00825,DEBIT,627.01,23.38
TXN-00826,DEBIT,2.56,20.82
TXN-00827,DEBIT,18.54,2.28
TXN-00828,DEBIT,2.18,0.1
TXN-00829,DEBIT,0.0,0.1
TXN-00830,CREDIT,93.66,93.76
TXN-00831,CREDIT,309.19,402.95
TXN-00832,DEBIT,395.43,7.52
TXN-00833,DEBIT,6.97,0.55
TXN-00834,DEBIT,0.0,0.55
TXN-00835,DEBIT,0.0,0.55
TXN-00836,CREDIT,20.94,21.49
TXN-00837,DEBIT,16.08,5.41
TXN-00838,CREDIT,199.21,204.62
TXN-00839,CREDIT,65.89,270.51
TXN-00840,CREDIT,172.85,443.36
TXN-00841,DEBIT,327.82,115.54
TXN-00842,CREDIT,356.17,471.71
TXN-00843,DEBIT,40.0,431.71
TXN-00844,DEBIT,307.57,124.14
TXN-00845,DEBIT,70.57,53.57
TXN-00846,CREDIT,191.16,244.73
TXN-00847,CREDIT,276.79,521.52
TXN-00848,CREDIT,309.55,831.07
TXN-00849,CREDIT,196.24,1027.31
TXN-00850,DEBIT,684.12,343.19
TXN-00851,CREDIT,116.26,459.45
TXN-00852,DEBIT,81.76,377.69
TXN-00853,CREDIT,300.49,678.18
TXN-00854,DEBIT,379.88,298.3
TXN-00855,CREDIT,250.93,549.23
TXN-00856,CREDIT,251.7,800.93
TXN-00857,DEBIT,434.01,366.92
TXN-00858,DEBIT,206.29,160.63
TXN-00859,DEBIT,9.0,151.63
TXN-00860,DEBIT,75.28,76.35
TXN-00861,DEBIT,57.15,19.2
TXN-00862,CREDIT,300.91,320.11
TXN-00863,CREDIT,322.61,642.72
TXN-00864,CREDIT,285.45,928.17
TXN-00865,CREDIT,11.49,939.66
TXN-00866,CREDIT,361.25,1300.91
TXN-00867,DEBIT,222.55,1078.36
TXN-00868,CREDIT,320.98,1399.34
TXN-00869,DEBIT,516.84,882.5
TXN-00870,CREDIT,408.56,1291.06
TXN-00871,CREDIT,351.42,1642.48
TXN-00872,DEBIT,313.24,1329.24
TXN-00873,CREDIT,121.24,1450.48
TXN-00874,DEBIT,1050.13,400.35
TXN-00875,DEBIT,291.86,108.49
TXN-00876,CREDIT,333.45,441.94
TXN-00877,CREDIT,252.56,694.5
TXN-00878,CREDIT,471.48,1165.98
TXN-00879,CREDIT,159.12,1325.1
TXN-00880,DEBIT,472.6,852.5
TXN-00881,CREDIT,131.21,983.71
TXN-00882,DEBIT,483.55,500.16
TXN-00883,DEBIT,491.32,8.84
TXN-00884,DEBIT,4.78,4.06
TXN-00885,CREDIT,244.71,248.77
TXN-00886,DEBIT,239.1,9.67
TXN-00887,DEBIT,5.64,4.03
TXN-00888,DEBIT,2.85,1.18
TXN-00889,CREDIT,293.14,294.32
TXN-00890,CREDIT,339.98,634.3
TXN-00891,CREDIT,392.21,1026.51
TXN-00892,CREDIT,231.94,1258.45
TXN-00893,CREDIT,271.72,1530.17
TXN-00894,DEBIT,794.47,735.7
TXN-00895,CREDIT,153.0,888.7
TXN-00896,DEBIT,520.04,368.66
TXN-00897,CREDIT,466.6,835.26
TXN-00898,CREDIT,32.52,867.78
TXN-00899,DEBIT,698.67,169.11
TXN-00900,DEBIT,102.97,66.14
TXN-00901,DEBIT,52.78,13.36
TXN-00902,DEBIT,6.2,7.16
TXN-00903,CREDIT,96.46,103.62
TXN-00904,DEBIT,12.72,90.9
TXN-00905,DEBIT,70.49,20.41
TXN-00906,CREDIT,273.13,293.54
TXN-00907,CREDIT,426.98,720.52
TXN-00908,DEBIT,314.91,405.61
TXN-00909,CREDIT,59.48,465.09
TXN-00910,CREDIT,85.81,550.9
TXN-00911,CREDIT,309.39,860.29
TXN-00912,DEBIT,20.44,839.85
TXN-00913,DEBIT,353.73,486.12
TXN-00914,DEBIT,363.63,122.49
TXN-00915,DEBIT,8.77,113.72
TXN-00916,CREDIT,339.61,453.33
TXN-00917,DEBIT,248.05,205.28
TXN-00918,CREDIT,335.99,541.27
TXN-00919,CREDIT,206.46,747.73
TXN-00920,CREDIT,251.25,998.98
TXN-00921,DEBIT,756.2,242.78
TXN-00922,DEBIT,147.93,94.85
TXN-00923,DEBIT,52.54,42.31
TXN-00924,DEBIT,12.07,30.24
TXN-00925,CREDIT,363.19,393.43
TXN-00926,CREDIT,38.0,431.43
TXN-00927,DEBIT,139.16,292.27
TXN-00928,DEBIT,54.11,238.16
TXN-00929,CREDIT,363.65,601.81
TXN-00930,DEBIT,360.64,241.17
TXN-00931,DEBIT,24.11,217.06
TXN-00932,DEBIT,198.66,18.4
TXN-00933,CREDIT,109.29,127.69
TXN-00934,CREDIT,245.94,373.63
TXN-00935,CREDIT,60.75,434.38
TXN-00936,DEBIT,65.68,368.7
TXN-00937,DEBIT,284.03,84.67
TXN-00938,CREDIT,100.94,185.61
TXN-00939,CREDIT,101.6,287.21
TXN-00940,CREDIT,371.7,658.91
TXN-00941,CREDIT,59.48,718.39
TXN-00942,DEBIT,222.92,495.47
TXN-00943,CREDIT,165.58,661.05
TXN-00944,CREDIT,104.41,765.46
TXN-00945,CREDIT,287.05,1052.51
TXN-00946,CREDIT,134.57,1187.08
TXN-00947,CREDIT,43.99,1231.07
TXN-00948,CREDIT,175.31,1406.38
TXN-00949,CREDIT,249.48,1655.86
TXN-00950,DEBIT,986.02,669.84
TXN-00951,DEBIT,90.29,579.55
TXN-00952,CREDIT,57.88,637.43
TXN-00953,DEBIT,550.72,86.71
TXN-00954,CREDIT,265.54,352.25
TXN-00955,DEBIT,191.91,160.34
TXN-00956,CREDIT,278.98,439.32
TXN-00957,DEBIT,260.97,178.35
TXN-00958,DEBIT,27.61,150.74
TXN-00959,CREDIT,170.27,321.01
TXN-00960,DEBIT,243.29,77.72
TXN-00961,DEBIT,39.07,38.65
TXN-00962,DEBIT,34.02,4.63
TXN-00963,DEBIT,1.32,3.31
TXN-00964,CREDIT,485.0,488.31
TXN-00965,DEBIT,283.47,204.84
TXN-00966,DEBIT,94.82,110.02
TXN-00967,DEBIT,42.01,68.01
TXN-00968,DEBIT,62.6,5.41
TXN-00969,CREDIT,272.44,277.85
TXN-00970,DEBIT,84.76,193.09
TXN-00971,DEBIT,171.71,21.38
TXN-00972,DEBIT,16.75,4.63
TXN-00973,CREDIT,496.3,500.93
TXN-00974,DEBIT,419.65,81.28
TXN-00975,DEBIT,74.9,6.38
TXN-00976,DEBIT,1.81,4.57
TXN-00977,DEBIT,1.27,3.3
TXN-00978,DEBIT,3.2,0.1
TXN-00979,DEBIT,0.0,0.1
TXN-00980,DEBIT,0.0,0.1
TXN-00981,DEBIT,0.0,0.1
TXN-00982,CREDIT,195.19,195.29
TXN-00983,CREDIT,26.59,221.88
TXN-00984,CREDIT,381.99,603.87
TXN-00985,DEBIT,223.51,380.36
TXN-00986,CREDIT,29.3,409.66
TXN-00987,CREDIT,424.38,834.04
TXN-00988,DEBIT,751.88,82.16
TXN-00989,CREDIT,167.99,250.15
TXN-00990,DEBIT,235.33,14.82
TXN-00991,CREDIT,460.79,475.61
TXN-00992,DEBIT,137.38,338.23
TXN-00993,DEBIT,98.69,239.54
TXN-00994,CREDIT,459.18,698.72
TXN-00995,CREDIT,226.31,925.03
TXN-00996,DEBIT,400.66,524.37
TXN-00997,DEBIT,137.55,386.82
TXN-00998,CREDIT,38.56,425.38
TXN-00999,DEBIT,48.43,376.95
TXN-01000,DEBIT,50.8,326.15
